{
  "timezone": "Europe/Berlin",
  "riddles": [
    {
      "id": 1,
      "title": "1. Rätsel",
      "release": "2025-12-24T18:00:00+01:00"
    },
    {
      "id": 2,
      "title": "2. Rätsel",
      "release": "2025-12-31T18:00:00+01:00"
    },
    {
      "id": 3,
      "title": "3. Rätsel",
      "release": "2026-01-07T18:00:00+01:00"
    },
    {
      "id": 4,
      "title": "4. Rätsel",
      "release": "2026-01-14T18:00:00+01:00"
    },
    {
      "id": 5,
      "title": "5. Rätsel (Finale)",
      "release": "2026-01-21T18:00:00+01:00"
    }
  ]
}